<?xml version="1.0" encoding="utf-8"?>
<!-- do not alter this file! -->
<lecturenotes>
<paperwidth>2560</paperwidth>
<paperheight>3623</paperheight>
<paperpattern>2</paperpattern>
<paperscale>0.51</paperscale>
<paperfit>2</paperfit>
<paperzoom>1.2985682</paperzoom>
<papercolor>16777215</papercolor>
<patterncolor>11184895</patterncolor>
<covercolor>4351</covercolor>
<coverstyle>0</coverstyle>
<pageinfocus>1</pageinfocus>
<offsetx>13.86297</offsetx>
<offsety>4264.626</offsety>
<layers>1</layers>
<layerinfocus>1</layerinfocus>
<displayedlayers>1</displayedlayers>
<textlayer>1</textlayer>
<displaytextlayer>1</displaytextlayer>
<textlayersupplementary>0</textlayersupplementary>
<textlayersettings>0</textlayersettings>
<uuid>a280a564-915b-48da-8779-a83dd195bd19</uuid>
<inputzoneoffsetx>0.0</inputzoneoffsetx>
<inputzoneoffsety>3623.0</inputzoneoffsety>
<inputzoneheight>207.872</inputzoneheight>
<creationdate>1552852042739</creationdate>
</lecturenotes>
