<?xml version="1.0" encoding="utf-8"?>
<!-- do not alter this file! -->
<lecturenotes>
<paperwidth>2560</paperwidth>
<paperheight>3623</paperheight>
<paperpattern>2</paperpattern>
<paperscale>0.51</paperscale>
<paperfit>2</paperfit>
<paperzoom>0.8441007</paperzoom>
<papercolor>16777215</papercolor>
<patterncolor>11184895</patterncolor>
<covercolor>4351</covercolor>
<coverstyle>0</coverstyle>
<pageinfocus>1</pageinfocus>
<offsetx>-237.03705</offsetx>
<offsety>4186.0483</offsety>
<layers>1</layers>
<layerinfocus>1</layerinfocus>
<displayedlayers>1</displayedlayers>
<textlayer>1</textlayer>
<displaytextlayer>1</displaytextlayer>
<textlayersupplementary>0</textlayersupplementary>
<textlayersettings>0</textlayersettings>
<uuid>edf45c31-7a5e-446a-b3d3-dee730bba26c</uuid>
<inputzoneoffsetx>0.0</inputzoneoffsetx>
<inputzoneoffsety>3623.0</inputzoneoffsety>
<inputzoneheight>207.872</inputzoneheight>
<creationdate>1549883638329</creationdate>
</lecturenotes>
