<?xml version="1.0" encoding="utf-8"?>
<!-- do not alter this file! -->
<lecturenotes>
<paperwidth>2560</paperwidth>
<paperheight>3623</paperheight>
<paperpattern>2</paperpattern>
<paperscale>0.51</paperscale>
<paperfit>2</paperfit>
<paperzoom>0.86943734</paperzoom>
<papercolor>16777215</papercolor>
<patterncolor>11184895</patterncolor>
<covercolor>4351</covercolor>
<coverstyle>0</coverstyle>
<pageinfocus>1</pageinfocus>
<offsetx>-192.71912</offsetx>
<offsety>3623.0</offsety>
<layers>1</layers>
<layerinfocus>1</layerinfocus>
<displayedlayers>1</displayedlayers>
<textlayer>1</textlayer>
<displaytextlayer>1</displaytextlayer>
<textlayersupplementary>0</textlayersupplementary>
<textlayersettings>0</textlayersettings>
<uuid>113ef747-52e0-4376-a5af-b386519cddec</uuid>
<inputzoneoffsetx>0.0</inputzoneoffsetx>
<inputzoneoffsety>10869.0</inputzoneoffsety>
<inputzoneheight>181.15001</inputzoneheight>
<creationdate>1568023542521</creationdate>
</lecturenotes>
