<?xml version="1.0" encoding="utf-8"?>
<!-- do not alter this file! -->
<lecturenotes>
<paperwidth>2560</paperwidth>
<paperheight>3623</paperheight>
<paperpattern>2</paperpattern>
<paperscale>0.51</paperscale>
<paperfit>2</paperfit>
<paperzoom>1.6418481</paperzoom>
<papercolor>16777215</papercolor>
<patterncolor>11184895</patterncolor>
<covercolor>4351</covercolor>
<coverstyle>0</coverstyle>
<pageinfocus>1</pageinfocus>
<offsetx>0.0</offsetx>
<offsety>3623.0</offsety>
<layers>1</layers>
<layerinfocus>1</layerinfocus>
<displayedlayers>1</displayedlayers>
<textlayer>1</textlayer>
<displaytextlayer>1</displaytextlayer>
<textlayersupplementary>0</textlayersupplementary>
<textlayersettings>0</textlayersettings>
<uuid>3d1dc0ad-12cd-4fa5-bdf0-0bba87c30623</uuid>
<inputzoneoffsetx>0.0</inputzoneoffsetx>
<inputzoneoffsety>3623.0</inputzoneoffsety>
<inputzoneheight>207.872</inputzoneheight>
<creationdate>1550486037890</creationdate>
</lecturenotes>
